,Document_Links
0,https://www.unternehmensregister.de/ureg/result.html;jsessionid=F3F0340FF146154A211EBDCBB798DD9E.web03-1?submitaction=showDocument&id=31980274
1,https://www.unternehmensregister.de/ureg/result.html;jsessionid=F3F0340FF146154A211EBDCBB798DD9E.web03-1?submitaction=showDocument&id=31978582
2,https://www.unternehmensregister.de/ureg/result.html;jsessionid=F3F0340FF146154A211EBDCBB798DD9E.web03-1?submitaction=showDocument&id=31973637
3,https://www.unternehmensregister.de/ureg/result.html;jsessionid=F3F0340FF146154A211EBDCBB798DD9E.web03-1?submitaction=showDocument&id=31979461
4,https://www.unternehmensregister.de/ureg/result.html;jsessionid=F3F0340FF146154A211EBDCBB798DD9E.web03-1?submitaction=showDocument&id=31979902
5,https://www.unternehmensregister.de/ureg/result.html;jsessionid=F3F0340FF146154A211EBDCBB798DD9E.web03-1?submitaction=showDocument&id=31979589
6,https://www.unternehmensregister.de/ureg/result.html;jsessionid=F3F0340FF146154A211EBDCBB798DD9E.web03-1?submitaction=showDocument&id=31978797
7,https://www.unternehmensregister.de/ureg/result.html;jsessionid=F3F0340FF146154A211EBDCBB798DD9E.web03-1?submitaction=showDocument&id=31978713
8,https://www.unternehmensregister.de/ureg/result.html;jsessionid=F3F0340FF146154A211EBDCBB798DD9E.web03-1?submitaction=showDocument&id=31979579
9,https://www.unternehmensregister.de/ureg/result.html;jsessionid=F3F0340FF146154A211EBDCBB798DD9E.web03-1?submitaction=showDocument&id=31980660
10,https://www.unternehmensregister.de/ureg/result.html;jsessionid=F3F0340FF146154A211EBDCBB798DD9E.web03-1?submitaction=showDocument&id=31978764
11,https://www.unternehmensregister.de/ureg/result.html;jsessionid=F3F0340FF146154A211EBDCBB798DD9E.web03-1?submitaction=showDocument&id=31980112
12,https://www.unternehmensregister.de/ureg/result.html;jsessionid=F3F0340FF146154A211EBDCBB798DD9E.web03-1?submitaction=showDocument&id=31979022
13,https://www.unternehmensregister.de/ureg/result.html;jsessionid=F3F0340FF146154A211EBDCBB798DD9E.web03-1?submitaction=showDocument&id=31978927
14,https://www.unternehmensregister.de/ureg/result.html;jsessionid=F3F0340FF146154A211EBDCBB798DD9E.web03-1?submitaction=showDocument&id=31978897
15,https://www.unternehmensregister.de/ureg/result.html;jsessionid=F3F0340FF146154A211EBDCBB798DD9E.web03-1?submitaction=showDocument&id=31979988
16,https://www.unternehmensregister.de/ureg/result.html;jsessionid=F3F0340FF146154A211EBDCBB798DD9E.web03-1?submitaction=showDocument&id=31979237
17,https://www.unternehmensregister.de/ureg/result.html;jsessionid=F3F0340FF146154A211EBDCBB798DD9E.web03-1?submitaction=showDocument&id=31978310
18,https://www.unternehmensregister.de/ureg/result.html;jsessionid=F3F0340FF146154A211EBDCBB798DD9E.web03-1?submitaction=showDocument&id=31979623
19,https://www.unternehmensregister.de/ureg/result.html;jsessionid=F3F0340FF146154A211EBDCBB798DD9E.web03-1?submitaction=showDocument&id=31980487
20,https://www.unternehmensregister.de/ureg/result.html;jsessionid=F3F0340FF146154A211EBDCBB798DD9E.web03-1?submitaction=showDocument&id=31978673
21,https://www.unternehmensregister.de/ureg/result.html;jsessionid=F3F0340FF146154A211EBDCBB798DD9E.web03-1?submitaction=showDocument&id=31978242
22,https://www.unternehmensregister.de/ureg/result.html;jsessionid=F3F0340FF146154A211EBDCBB798DD9E.web03-1?submitaction=showDocument&id=31978944
23,https://www.unternehmensregister.de/ureg/result.html;jsessionid=F3F0340FF146154A211EBDCBB798DD9E.web03-1?submitaction=showDocument&id=31978955
24,https://www.unternehmensregister.de/ureg/result.html;jsessionid=F3F0340FF146154A211EBDCBB798DD9E.web03-1?submitaction=showDocument&id=31978527
25,https://www.unternehmensregister.de/ureg/result.html;jsessionid=F3F0340FF146154A211EBDCBB798DD9E.web03-1?submitaction=showDocument&id=31978386
26,https://www.unternehmensregister.de/ureg/result.html;jsessionid=F3F0340FF146154A211EBDCBB798DD9E.web03-1?submitaction=showDocument&id=31979649
27,https://www.unternehmensregister.de/ureg/result.html;jsessionid=F3F0340FF146154A211EBDCBB798DD9E.web03-1?submitaction=showDocument&id=31979755
28,https://www.unternehmensregister.de/ureg/result.html;jsessionid=F3F0340FF146154A211EBDCBB798DD9E.web03-1?submitaction=showDocument&id=31979150
29,https://www.unternehmensregister.de/ureg/result.html;jsessionid=F3F0340FF146154A211EBDCBB798DD9E.web03-1?submitaction=showDocument&id=31980111
