,Register_Links
0,https://www.unternehmensregister.de/ureg/registerPortalAdvice.html;jsessionid=F3F0340FF146154A211EBDCBB798DD9E.web03-1?submitaction=regnav&company=1995
1,https://www.unternehmensregister.de/ureg/registerPortalAdvice.html;jsessionid=F3F0340FF146154A211EBDCBB798DD9E.web03-1?submitaction=regnav&company=3065
2,https://www.unternehmensregister.de/ureg/registerPortalAdvice.html;jsessionid=F3F0340FF146154A211EBDCBB798DD9E.web03-1?submitaction=regnav&company=4389
3,https://www.unternehmensregister.de/ureg/registerPortalAdvice.html;jsessionid=F3F0340FF146154A211EBDCBB798DD9E.web03-1?submitaction=regnav&company=4897
4,https://www.unternehmensregister.de/ureg/registerPortalAdvice.html;jsessionid=F3F0340FF146154A211EBDCBB798DD9E.web03-1?submitaction=regnav&company=5120
5,https://www.unternehmensregister.de/ureg/registerPortalAdvice.html;jsessionid=F3F0340FF146154A211EBDCBB798DD9E.web03-1?submitaction=regnav&company=7228
6,https://www.unternehmensregister.de/ureg/registerPortalAdvice.html;jsessionid=F3F0340FF146154A211EBDCBB798DD9E.web03-1?submitaction=regnav&company=8591
7,https://www.unternehmensregister.de/ureg/registerPortalAdvice.html;jsessionid=F3F0340FF146154A211EBDCBB798DD9E.web03-1?submitaction=regnav&company=13049
8,https://www.unternehmensregister.de/ureg/registerPortalAdvice.html;jsessionid=F3F0340FF146154A211EBDCBB798DD9E.web03-1?submitaction=regnav&company=13349
9,https://www.unternehmensregister.de/ureg/registerPortalAdvice.html;jsessionid=F3F0340FF146154A211EBDCBB798DD9E.web03-1?submitaction=regnav&company=15478
10,https://www.unternehmensregister.de/ureg/registerPortalAdvice.html;jsessionid=F3F0340FF146154A211EBDCBB798DD9E.web03-1?submitaction=regnav&company=15993
11,https://www.unternehmensregister.de/ureg/registerPortalAdvice.html;jsessionid=F3F0340FF146154A211EBDCBB798DD9E.web03-1?submitaction=regnav&company=16441
12,https://www.unternehmensregister.de/ureg/registerPortalAdvice.html;jsessionid=F3F0340FF146154A211EBDCBB798DD9E.web03-1?submitaction=regnav&company=16933
13,https://www.unternehmensregister.de/ureg/registerPortalAdvice.html;jsessionid=F3F0340FF146154A211EBDCBB798DD9E.web03-1?submitaction=regnav&company=17971
14,https://www.unternehmensregister.de/ureg/registerPortalAdvice.html;jsessionid=F3F0340FF146154A211EBDCBB798DD9E.web03-1?submitaction=regnav&company=18531
15,https://www.unternehmensregister.de/ureg/registerPortalAdvice.html;jsessionid=F3F0340FF146154A211EBDCBB798DD9E.web03-1?submitaction=regnav&company=19670
16,https://www.unternehmensregister.de/ureg/registerPortalAdvice.html;jsessionid=F3F0340FF146154A211EBDCBB798DD9E.web03-1?submitaction=regnav&company=21130
17,https://www.unternehmensregister.de/ureg/registerPortalAdvice.html;jsessionid=F3F0340FF146154A211EBDCBB798DD9E.web03-1?submitaction=regnav&company=22234
18,https://www.unternehmensregister.de/ureg/registerPortalAdvice.html;jsessionid=F3F0340FF146154A211EBDCBB798DD9E.web03-1?submitaction=regnav&company=22838
19,https://www.unternehmensregister.de/ureg/registerPortalAdvice.html;jsessionid=F3F0340FF146154A211EBDCBB798DD9E.web03-1?submitaction=regnav&company=23751
20,https://www.unternehmensregister.de/ureg/registerPortalAdvice.html;jsessionid=F3F0340FF146154A211EBDCBB798DD9E.web03-1?submitaction=regnav&company=24188
21,https://www.unternehmensregister.de/ureg/registerPortalAdvice.html;jsessionid=F3F0340FF146154A211EBDCBB798DD9E.web03-1?submitaction=regnav&company=25100
22,https://www.unternehmensregister.de/ureg/registerPortalAdvice.html;jsessionid=F3F0340FF146154A211EBDCBB798DD9E.web03-1?submitaction=regnav&company=28009
23,https://www.unternehmensregister.de/ureg/registerPortalAdvice.html;jsessionid=F3F0340FF146154A211EBDCBB798DD9E.web03-1?submitaction=regnav&company=28329
24,https://www.unternehmensregister.de/ureg/registerPortalAdvice.html;jsessionid=F3F0340FF146154A211EBDCBB798DD9E.web03-1?submitaction=regnav&company=30562
25,https://www.unternehmensregister.de/ureg/registerPortalAdvice.html;jsessionid=F3F0340FF146154A211EBDCBB798DD9E.web03-1?submitaction=regnav&company=30831
26,https://www.unternehmensregister.de/ureg/registerPortalAdvice.html;jsessionid=F3F0340FF146154A211EBDCBB798DD9E.web03-1?submitaction=regnav&company=31641
27,https://www.unternehmensregister.de/ureg/registerPortalAdvice.html;jsessionid=F3F0340FF146154A211EBDCBB798DD9E.web03-1?submitaction=regnav&company=36187
28,https://www.unternehmensregister.de/ureg/registerPortalAdvice.html;jsessionid=F3F0340FF146154A211EBDCBB798DD9E.web03-1?submitaction=regnav&company=36548
29,https://www.unternehmensregister.de/ureg/registerPortalAdvice.html;jsessionid=F3F0340FF146154A211EBDCBB798DD9E.web03-1?submitaction=regnav&company=37811
